<?xml version="1.0" encoding="UTF-8"?>
<project-private xmlns="http://www.netbeans.org/ns/project-private/1">
    <editor-bookmarks xmlns="http://www.netbeans.org/ns/editor-bookmarks/2" lastBookmarkId="0"/>
    <open-files xmlns="http://www.netbeans.org/ns/projectui-open-files/2">
        <group>
            <file>file:/E:/4th%20semister%20OOP%20LAB/Sayebs%20Map%20Navoigator/src/MapApplication.java</file>
            <file>file:/E:/4th%20semister%20OOP%20LAB/Sayebs%20Map%20Navoigator/src/MapNavigatorGUI.java</file>
        </group>
    </open-files>
</project-private>
